utc_time,x_error(m),y_error(m),z_error(m),satclockerror(m)
2025-09-01 14:00:00,-0.765883333,0.671543743,0.434251402,-0.183988567
2025-09-01 14:15:00,-0.7164590225,0.60170552575,0.4851494415,-0.17784697375
2025-09-01 14:30:00,-0.667034712,0.5318673085,0.536047481,-0.1717053805
2025-09-01 14:45:00,-0.6176104014999999,0.46202909125,0.5869455205,-0.16556378724999998
2025-09-01 15:00:00,-0.568186091,0.392190874,0.63784356,-0.159422194
2025-09-01 15:15:00,-0.5601051002499999,0.3377229705,0.65921339175,-0.11062636975
2025-09-01 15:30:00,-0.5520241095,0.283255067,0.6805832235,-0.0618305455
2025-09-01 15:45:00,-0.54394311875,0.2287871635,0.70195305525,-0.01303472125000002
2025-09-01 16:00:00,-0.535862128,0.17431926,0.723322887,0.035761103
2025-09-01 16:15:00,-0.5621965394999999,0.07943220625,0.72204091425,0.007427268250000001
2025-09-01 16:30:00,-0.588530951,-0.015454847500000007,0.7207589415,-0.0209065665
2025-09-01 16:45:00,-0.6148653625,-0.11034190125000001,0.71947696875,-0.049240401249999996
2025-09-01 17:00:00,-0.641199774,-0.205228955,0.718194996,-0.077574236
2025-09-01 17:15:00,-0.6406218685,-0.253004053,0.65760253525,-0.017894806250000006
2025-09-01 17:30:00,-0.640043963,-0.30077915099999997,0.5970100745,0.04178462349999999
2025-09-01 17:45:00,-0.6394660575,-0.348554249,0.5364176137500001,0.10146405324999998
2025-09-01 18:00:00,-0.638888152,-0.396329347,0.475825153,0.161143483
2025-09-01 18:15:00,-0.6727567715,-0.4157706825,0.4088124715,0.15551452725
2025-09-01 18:30:00,-0.706625391,-0.435212018,0.34179979,0.1498855715
2025-09-01 18:45:00,-0.7404940105000001,-0.4546533535,0.2747871085,0.14425661575
2025-09-01 19:00:00,-0.77436263,-0.474094689,0.207774427,0.13862766
2025-09-01 19:15:00,-0.79017231575,-0.5017982587500001,0.1016530685,0.08886051550000001
2025-09-01 19:30:00,-0.8059820015000001,-0.5295018285,-0.004468290000000014,0.039093371
2025-09-01 19:45:00,-0.8217916872500001,-0.55720539825,-0.1105896485,-0.010673773500000011
2025-09-01 20:00:00,-0.837601373,-0.584908968,-0.216711007,-0.060440918
2025-09-01 20:15:00,-0.8316222810714287,-0.5707448733809524,-0.20610298714285716,-0.060135448392857144
2025-09-01 20:30:00,-0.8256431891428572,-0.5565807787619048,-0.1954949672857143,-0.05982997878571429
2025-09-01 20:45:00,-0.8196640972142858,-0.5424166841428572,-0.18488694742857142,-0.05952450917857143
2025-09-01 21:00:00,-0.8136850052857143,-0.5282525895238095,-0.1742789275714286,-0.05921903957142857
2025-09-01 21:15:00,-0.8077059133571429,-0.5140884949047619,-0.16367090771428572,-0.05891356996428572
2025-09-01 21:30:00,-0.8017268214285714,-0.4999244002857143,-0.15306288785714287,-0.05860810035714286
2025-09-01 21:45:00,-0.7957477295000001,-0.48576030566666667,-0.142454868,-0.05830263075
2025-09-01 22:00:00,-0.7897686375714286,-0.47159621104761906,-0.13184684814285716,-0.05799716114285715
2025-09-01 22:15:00,-0.7837895456428572,-0.45743211642857146,-0.1212388282857143,-0.05769169153571429
2025-09-01 22:30:00,-0.7778104537142858,-0.44326802180952385,-0.11063080842857145,-0.05738622192857143
2025-09-01 22:45:00,-0.7718313617857143,-0.4291039271904762,-0.10002278857142859,-0.05708075232142858
2025-09-01 23:00:00,-0.7658522698571428,-0.4149398325714286,-0.08941476871428572,-0.05677528271428572
2025-09-01 23:15:00,-0.7598731779285715,-0.400775737952381,-0.07880674885714287,-0.05646981310714286
2025-09-01 23:30:00,-0.7538940860000001,-0.3866116433333333,-0.06819872900000001,-0.056164343500000005
2025-09-01 23:45:00,-0.7479149940714286,-0.3724475487142857,-0.05759070914285716,-0.055858873892857146
2025-09-02 00:00:00,-0.7419359021428572,-0.3582834540952381,-0.04698268928571431,-0.055553404285714286
2025-09-02 00:15:00,-0.7359568102142857,-0.3441193594761905,-0.036374669428571454,-0.055247934678571434
2025-09-02 00:30:00,-0.7299777182857143,-0.3299552648571429,-0.0257666495714286,-0.054942465071428574
2025-09-02 00:45:00,-0.7239986263571428,-0.3157911702380952,-0.015158629714285748,-0.054636995464285715
2025-09-02 01:00:00,-0.7180195344285715,-0.3016270756190476,-0.0045506098571428955,-0.05433152585714286
2025-09-02 01:15:00,-0.7120404425,-0.287462981,0.006057409999999985,-0.05402605625
2025-09-02 01:30:00,-0.7060613505714286,-0.27329888638095234,0.01666542985714284,-0.05372058664285714
2025-09-02 01:45:00,-0.7000822586428572,-0.25913479176190474,0.02727344971428569,-0.05341511703571429
2025-09-02 02:00:00,-0.6941031667142857,-0.24497069714285713,0.03788146957142857,-0.05310964742857143
2025-09-02 02:15:00,-0.6881240747857144,-0.23080660252380952,0.0484894894285714,-0.05280417782142857
2025-09-02 02:30:00,-0.6821449828571429,-0.21664250790476192,0.05909750928571428,-0.05249870821428572
2025-09-02 02:45:00,-0.6761658909285715,-0.20247841328571425,0.0697055291428571,-0.05219323860714286
2025-09-02 03:00:00,-0.670186799,-0.18831431866666665,0.08031354899999998,-0.051887769
2025-09-02 03:15:00,-0.6642077070714286,-0.17415022404761904,0.09092156885714281,-0.05158229939285715
2025-09-02 03:30:00,-0.6582286151428571,-0.15998612942857138,0.10152958871428569,-0.05127682978571429
2025-09-02 03:45:00,-0.6522495232142858,-0.14582203480952377,0.11213760857142852,-0.05097136017857143
2025-09-02 04:00:00,-0.6462704312857144,-0.13165794019047616,0.1227456284285714,-0.050665890571428576
2025-09-02 04:15:00,-0.6402913393571429,-0.11749384557142856,0.13335364828571428,-0.05036042096428572
2025-09-02 04:30:00,-0.6343122474285714,-0.10332975095238095,0.1439616681428571,-0.05005495135714286
2025-09-02 04:45:00,-0.6283331555,-0.08916565633333329,0.15456968799999998,-0.049749481750000005
2025-09-02 05:00:00,-0.6223540635714286,-0.07500156171428574,0.1651777078571428,-0.049444012142857145
2025-09-02 05:15:00,-0.6163749716428572,-0.060837467095238074,0.1757857277142857,-0.049138542535714286
2025-09-02 05:30:00,-0.6103958797142858,-0.04667337247619041,0.18639374757142851,-0.04883307292857143
2025-09-02 05:45:00,-0.6044167877857143,-0.03250927785714286,0.1970017674285714,-0.048527603321428574
2025-09-02 06:00:00,-0.5984376958571429,-0.018345183238095197,0.20760978728571422,-0.048222133714285714
2025-09-02 06:15:00,-0.5924586039285715,-0.004181088619047535,0.2182178071428571,-0.04791666410714286
2025-09-02 06:30:00,-0.586479512,0.009983006000000016,0.22882582699999998,-0.0476111945
2025-09-02 06:45:00,-0.5805004200714285,0.02414710061904768,0.2394338468571428,-0.04730572489285714
2025-09-02 07:00:00,-0.5745213281428572,0.03831119523809534,0.2500418667142857,-0.04700025528571429
2025-09-02 07:15:00,-0.5685422362142858,0.05247528985714289,0.2606498865714285,-0.04669478567857143
2025-09-02 07:30:00,-0.5625631442857143,0.06663938447619056,0.2712579064285714,-0.04638931607142857
2025-09-02 07:45:00,-0.5565840523571428,0.0808034790952381,0.2818659262857142,-0.04608384646428572
2025-09-02 08:00:00,-0.5506049604285714,0.09496757371428577,0.29247394614285716,-0.04577837685714286
2025-09-02 08:15:00,-0.5446258685,0.10913166833333343,0.3030819659999999,-0.04547290725
2025-09-02 08:30:00,-0.5386467765714287,0.12329576295238098,0.3136899858571428,-0.04516743764285715
2025-09-02 08:45:00,-0.5326676846428572,0.13745985757142865,0.3242980057142857,-0.04486196803571429
2025-09-02 09:00:00,-0.5266885927142857,0.1516239521904762,0.33490602557142857,-0.04455649842857143
2025-09-02 09:15:00,-0.5207095007857143,0.16578804680952386,0.34551404542857134,-0.044251028821428576
2025-09-02 09:30:00,-0.5147304088571429,0.17995214142857152,0.3561220652857142,-0.043945559214285716
2025-09-02 09:45:00,-0.5087513169285715,0.19411623604761907,0.3667300851428571,-0.04364008960714286
2025-09-02 10:00:00,-0.502772225,0.20828033066666674,0.377338105,-0.043334620000000004
2025-09-02 10:15:00,-0.4967931330714286,0.2224444252857144,0.38794612485714286,-0.043029150392857145
2025-09-02 10:30:00,-0.49081404114285715,0.23660851990476195,0.39855414471428563,-0.042723680785714285
2025-09-02 10:45:00,-0.48483494921428577,0.2507726145238096,0.4091621645714285,-0.04241821117857143
2025-09-02 11:00:00,-0.47885585728571434,0.2649367091428573,0.4197701844285714,-0.04211274157142857
2025-09-02 11:15:00,-0.4728767653571429,0.2791008037619048,0.43037820428571427,-0.041807271964285714
2025-09-02 11:30:00,-0.46689767342857147,0.2932648983809525,0.44098622414285704,-0.04150180235714286
2025-09-02 11:45:00,-0.46091858150000004,0.30742899300000004,0.4515942439999999,-0.04119633275
2025-09-02 12:00:00,-0.4549394895714286,0.3215930876190477,0.4622022638571428,-0.04089086314285714
2025-09-02 12:15:00,-0.44896039764285717,0.33575718223809536,0.4728102837142857,-0.04058539353571429
2025-09-02 12:30:00,-0.44298130571428573,0.3499212768571429,0.48341830357142856,-0.04027992392857143
2025-09-02 12:45:00,-0.4370022137857143,0.3640853714761906,0.49402632342857133,-0.03997445432142857
2025-09-02 13:00:00,-0.43102312185714287,0.37824946609523813,0.5046343432857142,-0.03966898471428572
2025-09-02 13:15:00,-0.42504402992857143,0.3924135607142858,0.5152423631428571,-0.03936351510714286
2025-09-02 13:30:00,-0.41906493800000005,0.40657765533333345,0.525850383,-0.0390580455
2025-09-02 13:45:00,-0.4130858460714286,0.420741749952381,0.5364584028571427,-0.03875257589285715
2025-09-02 14:00:00,-0.4071067541428572,0.43490584457142856,0.5470664227142856,-0.03844710628571429
2025-09-02 14:15:00,-0.40112766221428575,0.44906993919047633,0.5576744425714285,-0.03814163667857143
2025-09-02 14:30:00,-0.3951485702857143,0.4632340338095239,0.5682824624285714,-0.037836167071428575
2025-09-02 14:45:00,-0.3891694783571429,0.47739812842857143,0.5788904822857143,-0.037530697464285716
2025-09-02 15:00:00,-0.38319038642857145,0.4915622230476192,0.589498502142857,-0.037225227857142856
2025-09-02 15:15:00,-0.3772112945,0.5057263176666668,0.6001065219999999,-0.036919758250000004
2025-09-02 15:30:00,-0.3712322025714286,0.5198904122857143,0.6107145418571428,-0.036614288642857144
2025-09-02 15:45:00,-0.36525311064285715,0.5340545069047621,0.6213225617142857,-0.036308819035714285
2025-09-02 16:00:00,-0.35927401871428577,0.5482186015238096,0.6319305815714285,-0.03600334942857143
2025-09-02 16:15:00,-0.35329492678571434,0.5623826961428572,0.6425386014285713,-0.03569787982142857
2025-09-02 16:30:00,-0.3473158348571429,0.576546790761905,0.6531466212857142,-0.03539241021428571
2025-09-02 16:45:00,-0.34133674292857147,0.5907108853809525,0.6637546411428571,-0.03508694060714286
2025-09-02 17:00:00,-0.335357651,0.60487498,0.674362661,-0.034781471
2025-09-02 17:15:00,-0.354652252,0.5303835685,0.6856779669999999,-0.10169534250000001
2025-09-02 17:30:00,-0.37394685299999997,0.45589215699999996,0.6969932729999999,-0.168609214
2025-09-02 17:45:00,-0.393241454,0.38140074549999997,0.708308579,-0.2355230855
2025-09-02 18:00:00,-0.412536055,0.306909334,0.719623885,-0.302436957
2025-09-02 18:15:00,-0.48491320725,0.248978289,0.7087416995,-0.30538136875
2025-09-02 18:30:00,-0.5572903595,0.191047244,0.6978595139999999,-0.30832578050000004
2025-09-02 18:45:00,-0.62966751175,0.133116199,0.6869773284999999,-0.31127019225
2025-09-02 19:00:00,-0.702044664,0.075185154,0.676095143,-0.314214604
2025-09-02 19:15:00,-0.720506691,0.04712039900000001,0.61474424875,-0.11669735475000001
2025-09-02 19:30:00,-0.738968718,0.019055644000000004,0.5533933545,0.08081989449999999
2025-09-02 19:45:00,-0.757430745,-0.009009111,0.49204246025,0.27833714374999996
2025-09-02 20:00:00,-0.775892772,-0.037073866,0.430691566,0.475854393
2025-09-02 20:15:00,-0.8045093464999999,-0.040349724499999996,0.36164046325,0.382913687
2025-09-02 20:30:00,-0.8331259209999999,-0.043625582999999996,0.2925893605,0.289972981
2025-09-02 20:45:00,-0.8617424955,-0.0469014415,0.22353825775,0.19703227499999998
2025-09-02 21:00:00,-0.89035907,-0.0501773,0.154487155,0.104091569
2025-09-02 21:15:00,-0.932353402,-0.0878144585,0.026346335,0.0801658375
2025-09-02 21:30:00,-0.974347734,-0.125451617,-0.10179448499999999,0.056240106
2025-09-02 21:45:00,-1.016342066,-0.1630887755,-0.22993530499999998,0.03231437449999999
2025-09-02 22:00:00,-1.058336398,-0.200725934,-0.358076125,0.008388643
2025-09-02 22:15:00,-1.00356030675,-0.21423768425,-0.43732301900000004,-0.0189738645
2025-09-02 22:30:00,-0.9487842155,-0.2277494345,-0.516569913,-0.046336372
2025-09-02 22:45:00,-0.89400812425,-0.24126118474999997,-0.5958168070000001,-0.07369887950000001
2025-09-02 23:00:00,-0.839232033,-0.254772935,-0.675063701,-0.101061387
2025-09-02 23:15:00,-0.8291646198375,-0.24296046852499997,-0.6573991869875,-0.1042109585875
2025-09-02 23:30:00,-0.8190972066750001,-0.23114800204999997,-0.639734672975,-0.107360530175
2025-09-02 23:45:00,-0.8090297935125,-0.21933553557499996,-0.6220701589625001,-0.11051010176250001
2025-09-03 00:00:00,-0.79896238035,-0.20752306909999998,-0.60440564495,-0.11365967335
2025-09-03 00:15:00,-0.7888949671875001,-0.19571060262499998,-0.5867411309375,-0.1168092449375
2025-09-03 00:30:00,-0.778827554025,-0.18389813614999997,-0.569076616925,-0.119958816525
2025-09-03 00:45:00,-0.7687601408625,-0.172085669675,-0.5514121029125,-0.1231083881125
2025-09-03 01:00:00,-0.7586927277000001,-0.1602732032,-0.5337475889000001,-0.1262579597
2025-09-03 01:15:00,-0.7486253145375,-0.148460736725,-0.5160830748875,-0.1294075312875
2025-09-03 01:30:00,-0.7385579013750001,-0.13664827024999998,-0.498418560875,-0.132557102875
2025-09-03 01:45:00,-0.7284904882125001,-0.12483580377499998,-0.4807540468625,-0.1357066744625
2025-09-03 02:00:00,-0.71842307505,-0.11302333729999997,-0.46308953285,-0.13885624605
2025-09-03 02:15:00,-0.7083556618875,-0.10121087082499997,-0.4454250188375,-0.1420058176375
2025-09-03 02:30:00,-0.6982882487250001,-0.08939840434999999,-0.427760504825,-0.145155389225
2025-09-03 02:45:00,-0.6882208355625,-0.07758593787499998,-0.41009599081250003,-0.1483049608125
2025-09-03 03:00:00,-0.6781534224000001,-0.06577347139999998,-0.3924314768,-0.1514545324
2025-09-03 03:15:00,-0.6680860092375001,-0.05396100492499997,-0.3747669627875,-0.1546041039875
2025-09-03 03:30:00,-0.658018596075,-0.04214853844999997,-0.357102448775,-0.157753675575
2025-09-03 03:45:00,-0.6479511829125,-0.03033607197499999,-0.3394379347625,-0.16090324716249998
2025-09-03 04:00:00,-0.63788376975,-0.018523605499999984,-0.32177342075000004,-0.16405281875
2025-09-03 04:15:00,-0.6278163565875,-0.006711139024999979,-0.3041089067375,-0.1672023903375
2025-09-03 04:30:00,-0.6177489434250001,0.005101327450000026,-0.286444392725,-0.170351961925
2025-09-03 04:45:00,-0.6076815302625,0.01691379392500003,-0.26877987871250003,-0.17350153351249997
2025-09-03 05:00:00,-0.5976141171,0.028726260400000037,-0.2511153647,-0.17665110509999998
2025-09-03 05:15:00,-0.5875467039375,0.04053872687500004,-0.2334508506875,-0.1798006766875
2025-09-03 05:30:00,-0.577479290775,0.05235119335000005,-0.21578633667500002,-0.182950248275
2025-09-03 05:45:00,-0.5674118776125001,0.064163659825,-0.1981218226625,-0.1860998198625
2025-09-03 06:00:00,-0.5573444644500001,0.0759761263,-0.18045730864999998,-0.18924939144999997
2025-09-03 06:15:00,-0.5472770512875,0.08778859277500001,-0.16279279463749996,-0.19239896303749998
2025-09-03 06:30:00,-0.537209638125,0.09960105925000001,-0.14512828062500005,-0.195548534625
2025-09-03 06:45:00,-0.5271422249625,0.11141352572500002,-0.12746376661250003,-0.1986981062125
2025-09-03 07:00:00,-0.5170748118,0.12322599220000002,-0.10979925260000001,-0.20184767779999999
2025-09-03 07:15:00,-0.5070073986375001,0.13503845867500003,-0.09213473858749999,-0.20499724938749997
2025-09-03 07:30:00,-0.496939985475,0.14685092515000003,-0.07447022457499997,-0.20814682097499998
2025-09-03 07:45:00,-0.48687257231250003,0.15866339162500004,-0.056805710562500056,-0.2112963925625
2025-09-03 08:00:00,-0.47680515915000005,0.17047585810000004,-0.039141196550000035,-0.21444596415
2025-09-03 08:15:00,-0.4667377459875,0.18228832457500005,-0.021476682537500014,-0.21759553573749998
2025-09-03 08:30:00,-0.456670332825,0.19410079105,-0.0038121685249999926,-0.22074510732499997
2025-09-03 08:45:00,-0.44660291966250004,0.205913257525,0.013852345487500028,-0.22389467891249998
2025-09-03 09:00:00,-0.43653550650000006,0.217725724,0.03151685949999994,-0.2270442505
2025-09-03 09:15:00,-0.4264680933375,0.22953819047500001,0.04918137351249996,-0.23019382208749997
2025-09-03 09:30:00,-0.41640068017500004,0.24135065695000002,0.06684588752499998,-0.23334339367499998
2025-09-03 09:45:00,-0.40633326701250005,0.253163123425,0.0845104015375,-0.2364929652625
2025-09-03 10:00:00,-0.39626585385,0.26497558990000003,0.10217491555000002,-0.23964253684999998
2025-09-03 10:15:00,-0.38619844068750003,0.27678805637500004,0.11983942956250004,-0.2427921084375
2025-09-03 10:30:00,-0.37613102752500005,0.28860052285000004,0.13750394357499995,-0.24594168002499997
2025-09-03 10:45:00,-0.3660636143625,0.30041298932500005,0.15516845758749997,-0.24909125161249998
2025-09-03 11:00:00,-0.35599620120000003,0.31222545580000005,0.1728329716,-0.25224082319999996
2025-09-03 11:15:00,-0.34592878803750005,0.32403792227500006,0.19049748561250002,-0.2553903947875
2025-09-03 11:30:00,-0.335861374875,0.33585038875000006,0.20816199962500004,-0.258539966375
2025-09-03 11:45:00,-0.3257939617125001,0.34766285522500007,0.22582651363749995,-0.26168953796249994
2025-09-03 12:00:00,-0.31572654855000004,0.35947532170000007,0.24349102764999997,-0.26483910955
2025-09-03 12:15:00,-0.3056591353875,0.3712877881750001,0.2611555416625,-0.26798868113749996
2025-09-03 12:30:00,-0.2955917222250001,0.38310025464999997,0.278820055675,-0.271138252725
2025-09-03 12:45:00,-0.28552430906250004,0.394912721125,0.29648456968750003,-0.2742878243125
2025-09-03 13:00:00,-0.2754568959,0.4067251876,0.31414908370000005,-0.27743739589999994
2025-09-03 13:15:00,-0.26538948273750007,0.418537654075,0.3318135977125001,-0.2805869674875
2025-09-03 13:30:00,-0.25532206957500003,0.43035012055,0.3494781117250001,-0.28373653907499996
2025-09-03 13:45:00,-0.2452546564125,0.442162587025,0.3671426257374999,-0.28688611066249997
2025-09-03 14:00:00,-0.23518724325000007,0.4539750535,0.3848071397499999,-0.29003568225
2025-09-03 14:15:00,-0.22511983008750003,0.465787519975,0.40247165376249994,-0.29318525383749994
2025-09-03 14:30:00,-0.215052416925,0.47759998645,0.42013616777499996,-0.296334825425
2025-09-03 14:45:00,-0.20498500376250006,0.489412452925,0.4378006817875,-0.29948439701249996
2025-09-03 15:00:00,-0.19491759060000002,0.5012249194,0.4554651958,-0.30263396859999997
2025-09-03 15:15:00,-0.18485017743749999,0.513037385875,0.4731297098125,-0.3057835401875
2025-09-03 15:30:00,-0.17478276427500006,0.52484985235,0.49079422382500004,-0.30893311177499994
2025-09-03 15:45:00,-0.16471535111250002,0.536662318825,0.5084587378375001,-0.3120826833625
2025-09-03 16:00:00,-0.15464793794999998,0.5484747853,0.5261232518500001,-0.31523225494999996
2025-09-03 16:15:00,-0.14458052478750005,0.560287251775,0.5437877658625001,-0.31838182653749997
2025-09-03 16:30:00,-0.13451311162500001,0.5720997182500001,0.5614522798749999,-0.321531398125
2025-09-03 16:45:00,-0.12444569846249998,0.5839121847250001,0.5791167938874999,-0.32468096971249993
2025-09-03 17:00:00,-0.11437828530000005,0.5957246512000001,0.5967813079,-0.3278305413
2025-09-03 17:15:00,-0.10431087213750001,0.6075371176750001,0.6144458219125,-0.33098011288749996
2025-09-03 17:30:00,-0.09424345897499997,0.6193495841500001,0.632110335925,-0.33412968447499997
2025-09-03 17:45:00,-0.08417604581250004,0.631162050625,0.6497748499375,-0.3372792560625
2025-09-03 18:00:00,-0.07410863265,0.6429745171,0.66743936395,-0.34042882764999993
2025-09-03 18:15:00,-0.06404121948749997,0.654786983575,0.6851038779625,-0.3435783992375
2025-09-03 18:30:00,-0.05397380632500004,0.66659945005,0.7027683919750001,-0.34672797082499995
2025-09-03 18:45:00,-0.0439063931625,0.678411916525,0.7204329059875001,-0.34987754241249996
2025-09-03 19:00:00,-0.03383898,0.690224383,0.73809742,-0.353027114
2025-09-03 19:15:00,-0.10817038374999999,0.632751836,0.74214730775,-0.292737262
2025-09-03 19:30:00,-0.18250178749999998,0.575279289,0.7461971955,-0.23244741
2025-09-03 19:45:00,-0.25683319125,0.517806742,0.75024708325,-0.172157558
2025-09-03 20:00:00,-0.331164595,0.460334195,0.754296971,-0.111867706
2025-09-03 20:15:00,-0.4043968675,0.42614514825,0.7147081245,-0.07444116575
2025-09-03 20:30:00,-0.47762914,0.3919561015,0.675119278,-0.037014625499999995
2025-09-03 20:45:00,-0.5508614125,0.35776705475,0.6355304315000001,0.0004119147500000059
2025-09-03 21:00:00,-0.624093685,0.323578008,0.595941585,0.037838455
2025-09-03 21:15:00,-0.6434369565,0.32219892075,0.5454434085000001,0.08708626150000001
2025-09-03 21:30:00,-0.6627802279999999,0.3208198335,0.494945232,0.136334068
2025-09-03 21:45:00,-0.6821234995,0.31944074624999996,0.44444705549999997,0.18558187450000002
2025-09-03 22:00:00,-0.701466771,0.318061659,0.393948879,0.234829681
2025-09-03 22:15:00,-0.7339684655000001,0.32469825025,0.3151031815,0.219595375
2025-09-03 22:30:00,-0.76647016,0.33133484150000003,0.236257484,0.204361069
2025-09-03 22:45:00,-0.7989718545,0.33797143275,0.15741178649999998,0.189126763
2025-09-03 23:00:00,-0.831473549,0.344608024,0.078566089,0.173892457
2025-09-03 23:15:00,-0.865545682,0.32660819425,-0.05717147824999999,0.15926857325
2025-09-03 23:30:00,-0.899617815,0.3086083645,-0.1929090455,0.1446446895
2025-09-03 23:45:00,-0.933689948,0.29060853475000004,-0.32864661275,0.13002080575
2025-09-04 00:00:00,-0.967762081,0.272608705,-0.46438418,0.115396922
2025-09-04 00:15:00,-0.94006334375,0.236188205,-0.539410116,0.062193017
2025-09-04 00:30:00,-0.9123646065,0.19976770500000002,-0.614436052,0.008989112000000007
2025-09-04 00:45:00,-0.88466586925,0.163347205,-0.6894619879999999,-0.04421479299999999
2025-09-04 01:00:00,-0.856967132,0.126926705,-0.764487924,-0.097418698
2025-09-04 01:15:00,-0.8084805077499999,0.057513126,-0.78908574,-0.12562777425
2025-09-04 01:30:00,-0.7599938835,-0.011900453000000005,-0.813683556,-0.1538368505
2025-09-04 01:45:00,-0.71150725925,-0.08131403200000001,-0.838281372,-0.18204592675
2025-09-04 02:00:00,-0.663020635,-0.150727611,-0.862879188,-0.210255003
2025-09-04 02:15:00,-0.6605221105357143,-0.14134077153571428,-0.8457599997261904,-0.20766639970238096
2025-09-04 02:30:00,-0.6580235860714285,-0.13195393207142858,-0.8286408114523809,-0.2050777964047619
2025-09-04 02:45:00,-0.6555250616071429,-0.12256709260714287,-0.8115216231785713,-0.20248919310714286
2025-09-04 03:00:00,-0.6530265371428571,-0.11318025314285715,-0.7944024349047619,-0.1999005898095238
2025-09-04 03:15:00,-0.6505280126785714,-0.10379341367857144,-0.7772832466309524,-0.19731198651190476
2025-09-04 03:30:00,-0.6480294882142856,-0.09440657421428572,-0.7601640583571428,-0.1947233832142857
2025-09-04 03:45:00,-0.64553096375,-0.08501973475,-0.7430448700833333,-0.19213477991666666
2025-09-04 04:00:00,-0.6430324392857143,-0.07563289528571429,-0.7259256818095238,-0.1895461766190476
2025-09-04 04:15:00,-0.6405339148214285,-0.06624605582142858,-0.7088064935357143,-0.18695757332142857
2025-09-04 04:30:00,-0.6380353903571429,-0.05685921635714286,-0.6916873052619048,-0.18436897002380953
2025-09-04 04:45:00,-0.6355368658928571,-0.047472376892857146,-0.6745681169880953,-0.18178036672619047
2025-09-04 05:00:00,-0.6330383414285714,-0.03808553742857143,-0.6574489287142857,-0.17919176342857143
2025-09-04 05:15:00,-0.6305398169642857,-0.028698697964285716,-0.6403297404404762,-0.17660316013095237
2025-09-04 05:30:00,-0.6280412925,-0.0193118585,-0.6232105521666667,-0.17401455683333333
2025-09-04 05:45:00,-0.6255427680357143,-0.009925019035714272,-0.6060913638928571,-0.17142595353571427
2025-09-04 06:00:00,-0.6230442435714285,-0.0005381795714285709,-0.5889721756190476,-0.16883735023809524
2025-09-04 06:15:00,-0.6205457191071428,0.00884865989285713,-0.571852987345238,-0.1662487469404762
2025-09-04 06:30:00,-0.6180471946428572,0.01823549935714286,-0.5547337990714286,-0.16366014364285714
2025-09-04 06:45:00,-0.6155486701785714,0.027622338821428588,-0.5376146107976191,-0.1610715403452381
2025-09-04 07:00:00,-0.6130501457142857,0.03700917828571429,-0.5204954225238095,-0.15848293704761904
2025-09-04 07:15:00,-0.61055162125,0.04639601774999999,-0.5033762342500001,-0.15589433375
2025-09-04 07:30:00,-0.6080530967857143,0.05578285721428572,-0.4862570459761905,-0.15330573045238094
2025-09-04 07:45:00,-0.6055545723214285,0.06516969667857145,-0.469137857702381,-0.1507171271547619
2025-09-04 08:00:00,-0.6030560478571428,0.07455653614285715,-0.4520186694285715,-0.14812852385714287
2025-09-04 08:15:00,-0.6005575233928572,0.08394337560714285,-0.43489948115476196,-0.1455399205595238
2025-09-04 08:30:00,-0.5980589989285714,0.09333021507142858,-0.4177802928809524,-0.14295131726190474
2025-09-04 08:45:00,-0.5955604744642857,0.10271705453571431,-0.4006611046071429,-0.1403627139642857
2025-09-04 09:00:00,-0.59306195,0.11210389400000001,-0.3835419163333334,-0.13777411066666667
2025-09-04 09:15:00,-0.5905634255357143,0.12149073346428571,-0.36642272805952386,-0.1351855073690476
2025-09-04 09:30:00,-0.5880649010714285,0.13087757292857147,-0.3493035397857144,-0.13259690407142857
2025-09-04 09:45:00,-0.5855663766071428,0.14026441239285717,-0.33218435151190484,-0.13000830077380954
2025-09-04 10:00:00,-0.5830678521428572,0.14965125185714287,-0.3150651632380953,-0.12741969747619047
2025-09-04 10:15:00,-0.5805693276785714,0.15903809132142857,-0.29794597496428576,-0.12483109417857143
2025-09-04 10:30:00,-0.5780708032142857,0.16842493078571427,-0.2808267866904762,-0.12224249088095238
2025-09-04 10:45:00,-0.5755722787499999,0.17781177025000003,-0.2637075984166667,-0.11965388758333333
2025-09-04 11:00:00,-0.5730737542857143,0.18719860971428573,-0.24658841014285726,-0.11706528428571428
2025-09-04 11:15:00,-0.5705752298214286,0.19658544917857143,-0.22946922186904772,-0.11447668098809524
2025-09-04 11:30:00,-0.5680767053571428,0.2059722886428572,-0.21235003359523819,-0.11188807769047619
2025-09-04 11:45:00,-0.5655781808928572,0.2153591281071429,-0.19523084532142865,-0.10929947439285714
2025-09-04 12:00:00,-0.5630796564285714,0.2247459675714286,-0.1781116570476191,-0.1067108710952381
2025-09-04 12:15:00,-0.5605811319642857,0.2341328070357143,-0.16099246877380957,-0.10412226779761904
2025-09-04 12:30:00,-0.5580826075,0.2435196465,-0.14387328050000014,-0.1015336645
2025-09-04 12:45:00,-0.5555840830357143,0.2529064859642858,-0.1267540922261906,-0.09894506120238095
2025-09-04 13:00:00,-0.5530855585714286,0.2622933254285714,-0.10963490395238107,-0.09635645790476191
2025-09-04 13:15:00,-0.5505870341071428,0.2716801648928572,-0.09251571567857153,-0.09376785460714286
2025-09-04 13:30:00,-0.5480885096428572,0.28106700435714294,-0.07539652740476199,-0.09117925130952381
2025-09-04 13:45:00,-0.5455899851785714,0.2904538438214286,-0.058277339130952455,-0.08859064801190476
2025-09-04 14:00:00,-0.5430914607142857,0.29984068328571434,-0.04115815085714303,-0.08600204471428571
2025-09-04 14:15:00,-0.5405929362499999,0.30922752275,-0.02403896258333349,-0.08341344141666668
2025-09-04 14:30:00,-0.5380944117857143,0.31861436221428574,-0.006919774309523952,-0.08082483811904762
2025-09-04 14:45:00,-0.5355958873214286,0.3280012016785715,0.010199413964285586,-0.07823623482142858
2025-09-04 15:00:00,-0.5330973628571428,0.33738804114285714,0.027318602238095124,-0.07564763152380952
2025-09-04 15:15:00,-0.5305988383928572,0.3467748806071429,0.04443779051190466,-0.07305902822619048
2025-09-04 15:30:00,-0.5281003139285714,0.35616172007142866,0.0615569787857142,-0.07047042492857142
2025-09-04 15:45:00,-0.5256017894642857,0.3655485595357143,0.07867616705952363,-0.06788182163095238
2025-09-04 16:00:00,-0.523103265,0.37493539900000006,0.09579535533333317,-0.06529321833333335
2025-09-04 16:15:00,-0.5206047405357143,0.3843222384642858,0.1129145436071427,-0.06270461503571428
2025-09-04 16:30:00,-0.5181062160714286,0.39370907792857146,0.13003373188095224,-0.06011601173809525
2025-09-04 16:45:00,-0.5156076916071428,0.4030959173928572,0.14715292015476167,-0.057527408440476185
2025-09-04 17:00:00,-0.5131091671428571,0.412482756857143,0.1642721084285712,-0.05493880514285715
2025-09-04 17:15:00,-0.5106106426785715,0.4218695963214286,0.18139129670238074,-0.05235020184523809
2025-09-04 17:30:00,-0.5081121182142857,0.4312564357857144,0.19851048497619028,-0.04976159854761905
2025-09-04 17:45:00,-0.50561359375,0.44064327525,0.21562967324999982,-0.04717299524999999
2025-09-04 18:00:00,-0.5031150692857143,0.4500301147142858,0.23274886152380936,-0.04458439195238095
2025-09-04 18:15:00,-0.5006165448214286,0.45941695417857153,0.2498680497976189,-0.04199578865476192
2025-09-04 18:30:00,-0.49811802035714287,0.4688037936428572,0.26698723807142843,-0.039407185357142854
2025-09-04 18:45:00,-0.49561949589285714,0.47819063310714294,0.284106426345238,-0.03681858205952382
2025-09-04 19:00:00,-0.4931209714285714,0.4875774725714286,0.3012256146190475,-0.034229978761904756
2025-09-04 19:15:00,-0.4906224469642857,0.49696431203571434,0.31834480289285705,-0.03164137546428572
2025-09-04 19:30:00,-0.48812392250000003,0.5063511515000001,0.3354639911666666,-0.029052772166666657
2025-09-04 19:45:00,-0.48562539803571425,0.5157379909642857,0.3525831794404759,-0.026464168869047622
2025-09-04 20:00:00,-0.4831268735714286,0.5251248304285715,0.36970236771428544,-0.02387556557142856
2025-09-04 20:15:00,-0.48062834910714286,0.5345116698928573,0.386821555988095,-0.021286962273809523
2025-09-04 20:30:00,-0.47812982464285714,0.5438985093571429,0.4039407442619045,-0.018698358976190488
2025-09-04 20:45:00,-0.47563130017857147,0.5532853488214287,0.42105993253571405,-0.016109755678571425
2025-09-04 21:00:00,-0.4731327757142857,0.5626721882857144,0.4381791208095236,-0.01352115238095239
2025-09-04 21:15:00,-0.47063425125,0.5720590277500001,0.45529830908333313,-0.010932549083333326
2025-09-04 21:30:00,-0.4681357267857143,0.5814458672142858,0.47241749735714267,-0.00834394578571429
2025-09-04 21:45:00,-0.4656372023214286,0.5908327066785715,0.4895366856309522,-0.0057553424880952275
2025-09-04 22:00:00,-0.46313867785714286,0.6002195461428572,0.5066558739047617,-0.003166739190476192
2025-09-04 22:15:00,-0.46064015339285713,0.609606385607143,0.5237750621785713,-0.0005781358928571567
2025-09-04 22:30:00,-0.45814162892857146,0.6189932250714286,0.5408942504523808,0.0020104674047619064
2025-09-04 22:45:00,-0.4556431044642857,0.6283800645357144,0.5580134387261904,0.004599070702380942
2025-09-04 23:00:00,-0.45314458,0.637766904,0.575132627,0.007187674
2025-09-04 23:15:00,-0.46913890725,0.6365222715000001,0.51605332275,0.08379798025000001
2025-09-04 23:30:00,-0.4851332345,0.635277639,0.45697401849999997,0.16040828650000002
2025-09-04 23:45:00,-0.50112756175,0.6340330064999999,0.39789471425,0.23701859275000003
2025-09-05 00:00:00,-0.517121889,0.632788374,0.33881541,0.313628899
2025-09-05 00:15:00,-0.5518914185,0.65918490775,0.24840912625,0.26325133225
2025-09-05 00:30:00,-0.586660948,0.6855814415,0.1580028425,0.2128737655
2025-09-05 00:45:00,-0.6214304775,0.71197797525,0.06759655874999998,0.16249619875
2025-09-05 01:00:00,-0.656200007,0.738374509,-0.022809725,0.112118632
2025-09-05 01:15:00,-0.62266788475,0.710550095,-0.168114283,0.10959252825
2025-09-05 01:30:00,-0.5891357625,0.682725681,-0.313418841,0.10706642450000001
2025-09-05 01:45:00,-0.55560364025,0.6549012670000001,-0.45872339900000003,0.10454032075
2025-09-05 02:00:00,-0.522071518,0.627076853,-0.604027957,0.102014217
2025-09-05 02:15:00,-0.56465023775,0.58752492525,-0.65176832975,0.06577485500000001
2025-09-05 02:30:00,-0.6072289575,0.5479729975000001,-0.6995087025,0.02953549300000001
2025-09-05 02:45:00,-0.64980767725,0.50842106975,-0.7472490752500001,-0.006703868999999987
2025-09-05 03:00:00,-0.692386397,0.468869142,-0.794989448,-0.042943231
2025-09-05 03:15:00,-0.66415729925,0.3697870605,-0.81307783675,-0.0936210475
2025-09-05 03:30:00,-0.6359282015000001,0.270704979,-0.8311662255000001,-0.144298864
2025-09-05 03:45:00,-0.60769910375,0.17162289749999998,-0.84925461425,-0.1949766805
2025-09-05 04:00:00,-0.579470006,0.072540816,-0.867343003,-0.245654497
2025-09-05 04:15:00,-0.59405713825,0.005571722000000001,-0.84086649825,-0.192784493
2025-09-05 04:30:00,-0.6086442704999999,-0.06139737199999999,-0.8143899935000001,-0.139914489
2025-09-05 04:45:00,-0.62323140275,-0.12836646599999996,-0.78791348875,-0.087044485
2025-09-05 05:00:00,-0.637818535,-0.19533556,-0.761436984,-0.034174481
2025-09-05 05:15:00,-0.6300408212619047,-0.18358386483333333,-0.7503679267142858,-0.033408406702380954
2025-09-05 05:30:00,-0.6222631075238095,-0.17183216966666665,-0.7392988694285715,-0.03264233240476191
2025-09-05 05:45:00,-0.6144853937857142,-0.1600804745,-0.7282298121428572,-0.031876258107142855
2025-09-05 06:00:00,-0.606707680047619,-0.14832877933333333,-0.7171607548571429,-0.03111018380952381
2025-09-05 06:15:00,-0.5989299663095238,-0.13657708416666667,-0.7060916975714286,-0.030344109511904763
2025-09-05 06:30:00,-0.5911522525714286,-0.124825389,-0.6950226402857143,-0.029578035214285713
2025-09-05 06:45:00,-0.5833745388333333,-0.11307369383333332,-0.6839535830000001,-0.028811960916666667
2025-09-05 07:00:00,-0.575596825095238,-0.10132199866666666,-0.6728845257142857,-0.028045886619047618
2025-09-05 07:15:00,-0.5678191113571428,-0.0895703035,-0.6618154684285714,-0.027279812321428572
2025-09-05 07:30:00,-0.5600413976190476,-0.07781860833333333,-0.6507464111428571,-0.026513738023809522
2025-09-05 07:45:00,-0.5522636838809524,-0.06606691316666666,-0.6396773538571429,-0.025747663726190476
2025-09-05 08:00:00,-0.544485970142857,-0.054315218,-0.6286082965714286,-0.024981589428571427
2025-09-05 08:15:00,-0.5367082564047618,-0.04256352283333334,-0.6175392392857143,-0.02421551513095238
2025-09-05 08:30:00,-0.5289305426666666,-0.030811827666666652,-0.606470182,-0.023449440833333335
2025-09-05 08:45:00,-0.5211528289285714,-0.019060132499999993,-0.5954011247142857,-0.022683366535714285
2025-09-05 09:00:00,-0.5133751151904762,-0.007308437333333334,-0.5843320674285715,-0.021917292238095236
2025-09-05 09:15:00,-0.505597401452381,0.004443257833333325,-0.5732630101428572,-0.02115121794047619
2025-09-05 09:30:00,-0.49781968771428564,0.016194952999999984,-0.5621939528571429,-0.020385143642857144
2025-09-05 09:45:00,-0.4900419739761904,0.02794664816666667,-0.5511248955714285,-0.019619069345238094
2025-09-05 10:00:00,-0.4822642602380952,0.03969834333333333,-0.5400558382857144,-0.018852995047619045
2025-09-05 10:15:00,-0.4744865465,0.05145003849999999,-0.528986781,-0.01808692075
2025-09-05 10:30:00,-0.4667088327619047,0.06320173366666668,-0.5179177237142857,-0.017320846452380953
2025-09-05 10:45:00,-0.45893111902380945,0.07495342883333331,-0.5068486664285714,-0.016554772154761904
2025-09-05 11:00:00,-0.45115340528571424,0.086705124,-0.4957796091428571,-0.015788697857142858
2025-09-05 11:15:00,-0.443375691547619,0.09845681916666668,-0.48471055185714285,-0.015022623559523808
2025-09-05 11:30:00,-0.4355979778095238,0.11020851433333331,-0.47364149457142857,-0.014256549261904762
2025-09-05 11:45:00,-0.42782026407142854,0.1219602095,-0.4625724372857143,-0.013490474964285713
2025-09-05 12:00:00,-0.42004255033333326,0.1337119046666667,-0.45150338,-0.012724400666666667
2025-09-05 12:15:00,-0.41226483659523805,0.14546359983333332,-0.4404343227142857,-0.011958326369047617
2025-09-05 12:30:00,-0.40448712285714283,0.157215295,-0.4293652654285714,-0.011192252071428571
2025-09-05 12:45:00,-0.3967094091190476,0.16896699016666664,-0.4182962081428571,-0.010426177773809522
2025-09-05 13:00:00,-0.38893169538095235,0.18071868533333332,-0.40722715085714284,-0.009660103476190476
2025-09-05 13:15:00,-0.38115398164285713,0.1924703805,-0.39615809357142856,-0.00889402917857143
2025-09-05 13:30:00,-0.37337626790476186,0.20422207566666664,-0.3850890362857143,-0.00812795488095238
2025-09-05 13:45:00,-0.36559855416666664,0.21597377083333333,-0.374019979,-0.007361880583333334
2025-09-05 14:00:00,-0.3578208404285714,0.22772546599999996,-0.36295092171428567,-0.006595806285714285
2025-09-05 14:15:00,-0.35004312669047616,0.23947716116666665,-0.3518818644285714,-0.005829731988095239
2025-09-05 14:30:00,-0.34226541295238094,0.25122885633333336,-0.3408128071428571,-0.005063657690476189
2025-09-05 14:45:00,-0.33448769921428567,0.2629805515,-0.32974374985714283,-0.004297583392857143
2025-09-05 15:00:00,-0.32670998547619046,0.2747322466666666,-0.31867469257142855,-0.003531509095238094
2025-09-05 15:15:00,-0.3189322717380952,0.28648394183333337,-0.3076056352857143,-0.0027654347976190444
2025-09-05 15:30:00,-0.31115455799999997,0.298235637,-0.29653657799999994,-0.0019993604999999984
2025-09-05 15:45:00,-0.30337684426190475,0.30998733216666663,-0.28546752071428566,-0.0012332862023809524
2025-09-05 16:00:00,-0.2955991305238095,0.32173902733333337,-0.2743984634285714,-0.0004672119047619064
2025-09-05 16:15:00,-0.28782141678571427,0.3334907225,-0.2633294061428571,0.00029886239285714655
2025-09-05 16:30:00,-0.280043703047619,0.34524241766666663,-0.25226034885714277,0.0010649366904761925
2025-09-05 16:45:00,-0.2722659893095238,0.3569941128333334,-0.2411912915714285,0.0018310109880952385
2025-09-05 17:00:00,-0.2644882755714285,0.368745808,-0.2301222342857142,0.0025970852857142845
2025-09-05 17:15:00,-0.2567105618333333,0.38049750316666664,-0.21905317699999993,0.0033631595833333305
2025-09-05 17:30:00,-0.24893284809523808,0.3922491983333334,-0.20798411971428565,0.0041292338809523835
2025-09-05 17:45:00,-0.2411551343571428,0.4040008935,-0.19691506242857137,0.0048953081785714295
2025-09-05 18:00:00,-0.2333774206190476,0.41575258866666664,-0.1858460051428571,0.0056613824761904755
2025-09-05 18:15:00,-0.22559970688095232,0.4275042838333334,-0.17477694785714282,0.0064274567738095215
2025-09-05 18:30:00,-0.2178219931428571,0.439255979,-0.16370789057142854,0.007193531071428574
2025-09-05 18:45:00,-0.2100442794047619,0.45100767416666665,-0.15263883328571426,0.00795960536904762
2025-09-05 19:00:00,-0.20226656566666662,0.4627593693333334,-0.14156977599999998,0.008725679666666666
2025-09-05 19:15:00,-0.1944888519285714,0.4745110645,-0.1305007187142857,0.009491753964285712
2025-09-05 19:30:00,-0.18671113819047613,0.48626275966666666,-0.11943166142857131,0.010257828261904765
2025-09-05 19:45:00,-0.17893342445238092,0.4980144548333333,-0.10836260414285703,0.011023902559523811
2025-09-05 20:00:00,-0.1711557107142857,0.50976615,-0.09729354685714275,0.011789976857142857
2025-09-05 20:15:00,-0.16337799697619043,0.5215178451666667,-0.08622448957142848,0.012556051154761903
2025-09-05 20:30:00,-0.15560028323809522,0.5332695403333333,-0.0751554322857142,0.013322125452380956
2025-09-05 20:45:00,-0.14782256949999995,0.5450212355,-0.06408637499999992,0.014088199750000002
2025-09-05 21:00:00,-0.14004485576190473,0.5567729306666667,-0.05301731771428564,0.014854274047619048
2025-09-05 21:15:00,-0.13226714202380951,0.5685246258333333,-0.04194826042857136,0.015620348345238094
2025-09-05 21:30:00,-0.1244894282857143,0.580276321,-0.03087920314285708,0.01638642264285714
2025-09-05 21:45:00,-0.11671171454761897,0.5920280161666667,-0.019810145857142802,0.017152496940476193
2025-09-05 22:00:00,-0.10893400080952376,0.6037797113333333,-0.008741088571428524,0.01791857123809524
2025-09-05 22:15:00,-0.10115628707142854,0.6155314065,0.0023279687142857552,0.018684645535714285
2025-09-05 22:30:00,-0.09337857333333333,0.6272831016666667,0.013397026000000034,0.01945071983333333
2025-09-05 22:45:00,-0.08560085959523811,0.6390347968333333,0.024466083285714424,0.020216794130952384
2025-09-05 23:00:00,-0.07782314585714278,0.6507864919999999,0.0355351405714287,0.02098286842857143
2025-09-05 23:15:00,-0.07004543211904757,0.6625381871666667,0.04660419785714298,0.021748942726190476
2025-09-05 23:30:00,-0.06226771838095235,0.6742898823333333,0.05767325514285726,0.022515017023809522
2025-09-05 23:45:00,-0.05449000464285714,0.6860415774999999,0.06874231242857154,0.023281091321428575
2025-09-06 00:00:00,-0.04671229090476192,0.6977932726666667,0.07981136971428582,0.02404716561904762
2025-09-06 00:15:00,-0.038934577166666595,0.7095449678333333,0.0908804270000001,0.024813239916666667
2025-09-06 00:30:00,-0.03115686342857138,0.721296663,0.10194948428571438,0.025579314214285713
2025-09-06 00:45:00,-0.023379149690476164,0.7330483581666667,0.11301854157142865,0.026345388511904766
2025-09-06 01:00:00,-0.015601435952380949,0.7448000533333333,0.12408759885714293,0.027111462809523812
2025-09-06 01:15:00,-0.007823722214285733,0.7565517485,0.1351566561428572,0.027877537107142858
2025-09-06 01:30:00,-4.600847619040671e-05,0.7683034436666667,0.1462257134285715,0.02864361140476191
2025-09-06 01:45:00,0.007731705261904809,0.7800551388333333,0.15729477071428577,0.029409685702380957
2025-09-06 02:00:00,0.015509419,0.791806834,0.168363828,0.03017576
2025-09-06 02:15:00,-0.034112604000000005,0.8291424595,0.084378749,0.04500879375
2025-09-06 02:30:00,-0.083734627,0.866478085,0.0003936700000000126,0.0598418275
2025-09-06 02:45:00,-0.13335665,0.9038137104999999,-0.083591409,0.07467486125
2025-09-06 03:00:00,-0.182978673,0.941149336,-0.167576488,0.089507895
2025-09-06 03:15:00,-0.2436400095,0.9306225665,-0.286361398,0.172441971
2025-09-06 03:30:00,-0.30430134600000003,0.920095797,-0.40514630799999996,0.255376047
2025-09-06 03:45:00,-0.3649626825,0.9095690275,-0.523931218,0.33831012299999996
2025-09-06 04:00:00,-0.425624019,0.899042258,-0.642716128,0.421244199
2025-09-06 04:15:00,-0.40845083375,0.83270180275,-0.68754778075,0.36280935
2025-09-06 04:30:00,-0.3912776485,0.7663613475,-0.7323794335,0.30437450099999996
2025-09-06 04:45:00,-0.37410446325,0.70002089225,-0.77721108625,0.245939652
2025-09-06 05:00:00,-0.356931278,0.633680437,-0.822042739,0.187504803
2025-09-06 05:15:00,-0.42152177325,0.5429323745,-0.82872593075,0.126638195
2025-09-06 05:30:00,-0.4861122685,0.452184312,-0.8354091225,0.06577158699999999
2025-09-06 05:45:00,-0.5507027637499999,0.36143624950000003,-0.84209231425,0.004904978999999976
2025-09-06 06:00:00,-0.615293259,0.270688187,-0.848775506,-0.055961629
2025-09-06 06:15:00,-0.6346835565,0.2180035475,-0.81987787275,-0.08678787825
2025-09-06 06:30:00,-0.654073854,0.16531890800000001,-0.7909802395,-0.1176141275
2025-09-06 06:45:00,-0.6734641515,0.11263426850000002,-0.7620826062499999,-0.14844037675
2025-09-06 07:00:00,-0.692854449,0.059949629,-0.733184973,-0.179266626
2025-09-06 07:15:00,-0.6678590871428571,0.028804460214285715,-0.6906702683571428,-0.14474685532142859
2025-09-06 07:30:00,-0.6428637252857143,-0.002340708571428568,-0.6481555637142857,-0.11022708464285716
2025-09-06 07:45:00,-0.6178683634285714,-0.03348587735714285,-0.6056408590714286,-0.07570731396428573
2025-09-06 08:00:00,-0.5928730015714286,-0.06463104614285714,-0.5631261544285714,-0.041187543285714306
2025-09-06 08:15:00,-0.5678776397142857,-0.09577621492857141,-0.5206114497857143,-0.00666777260714288
2025-09-06 08:30:00,-0.5428822778571429,-0.12692138371428568,-0.47809674514285716,0.027851998071428546
2025-09-06 08:45:00,-0.517886916,-0.15806655249999998,-0.4355820405,0.06237176874999997
2025-09-06 09:00:00,-0.4928915541428572,-0.18921172128571426,-0.3930673358571429,0.0968915394285714
2025-09-06 09:15:00,-0.46789619228571433,-0.22035689007142856,-0.35055263121428576,0.13141131010714283
2025-09-06 09:30:00,-0.4429008304285715,-0.25150205885714283,-0.3080379265714286,0.16593108078571425
2025-09-06 09:45:00,-0.41790546857142863,-0.2826472276428571,-0.2655232219285715,0.20045085146428568
2025-09-06 10:00:00,-0.3929101067142857,-0.3137923964285714,-0.22300851728571436,0.2349706221428571
2025-09-06 10:15:00,-0.3679147448571429,-0.34493756521428565,-0.18049381264285724,0.2694903928214285
2025-09-06 10:30:00,-0.342919383,-0.376082734,-0.13797910800000002,0.3040101635
2025-09-06 10:45:00,-0.31792402114285717,-0.40722790278571425,-0.0954644033571429,0.33852993417857147
2025-09-06 11:00:00,-0.2929286592857143,-0.4383730715714285,-0.05294969871428579,0.37304970485714284
2025-09-06 11:15:00,-0.26793329742857147,-0.46951824035714285,-0.010434994071428672,0.4075694755357142
2025-09-06 11:30:00,-0.24293793557142862,-0.5006634091428571,0.032079710571428444,0.4420892462142857
2025-09-06 11:45:00,-0.21794257371428577,-0.5318085779285714,0.07459441521428567,0.4766090168928572
2025-09-06 12:00:00,-0.19294721185714292,-0.5629537467142857,0.11710911985714278,0.5111287875714285
2025-09-06 12:15:00,-0.16795185,-0.5940989154999999,0.1596238244999999,0.5456485582499999
2025-09-06 12:30:00,-0.14295648814285722,-0.6252440842857142,0.20213852914285702,0.5801683289285714
2025-09-06 12:45:00,-0.11796112628571431,-0.6563892530714285,0.24465323378571413,0.6146880996071429
2025-09-06 13:00:00,-0.0929657644285714,-0.6875344218571428,0.28716793842857125,0.6492078702857143
2025-09-06 13:15:00,-0.06797040257142861,-0.718679590642857,0.32968264307142836,0.6837276409642856
2025-09-06 13:30:00,-0.042975040714285706,-0.7498247594285713,0.3721973477142855,0.7182474116428571
2025-09-06 13:45:00,-0.01797967885714291,-0.7809699282142857,0.4147120523571428,0.7527671823214286
2025-09-06 14:00:00,0.007015683,-0.812115097,0.457226757,0.787286953
2025-09-06 14:15:00,0.007750007453125,-0.78610535896875,0.439763709734375,0.776801743625
2025-09-06 14:30:00,0.00848433190625,-0.7600956209374999,0.42230066246875,0.76631653425
2025-09-06 14:45:00,0.009218656359375,-0.73408588290625,0.404837615203125,0.7558313248749999
2025-09-06 15:00:00,0.0099529808125,-0.7080761448749999,0.38737456793749997,0.7453461155
2025-09-06 15:15:00,0.010687305265624999,-0.68206640684375,0.369911520671875,0.734860906125
2025-09-06 15:30:00,0.01142162971875,-0.6560566688125,0.35244847340624996,0.7243756967499999
2025-09-06 15:45:00,0.012155954171875,-0.63004693078125,0.334985426140625,0.7138904873749999
2025-09-06 16:00:00,0.012890278625,-0.6040371927499999,0.317522378875,0.703405278
2025-09-06 16:15:00,0.013624603078124999,-0.57802745471875,0.300059331609375,0.692920068625
2025-09-06 16:30:00,0.01435892753125,-0.5520177166875,0.28259628434374995,0.68243485925
2025-09-06 16:45:00,0.015093251984374998,-0.5260079786562499,0.265133237078125,0.6719496498749999
2025-09-06 17:00:00,0.015827576437499997,-0.499998240625,0.2476701898125,0.6614644405
2025-09-06 17:15:00,0.016561900890625002,-0.47398850259374997,0.230207142546875,0.650979231125
2025-09-06 17:30:00,0.01729622534375,-0.44797876456249996,0.21274409528125,0.6404940217499999
2025-09-06 17:45:00,0.018030549796874996,-0.42196902653124996,0.19528104801562496,0.630008812375
2025-09-06 18:00:00,0.01876487425,-0.39595928849999995,0.17781800074999998,0.619523603
2025-09-06 18:15:00,0.019499198703124998,-0.36994955046874994,0.160354953484375,0.609038393625
2025-09-06 18:30:00,0.02023352315625,-0.34393981243749994,0.14289190621874998,0.59855318425
2025-09-06 18:45:00,0.020967847609375,-0.31793007440624993,0.125428858953125,0.588067974875
2025-09-06 19:00:00,0.021702172062499997,-0.2919203363749999,0.10796581168749997,0.5775827655
2025-09-06 19:15:00,0.022436496515625,-0.26591059834374997,0.09050276442187499,0.567097556125
2025-09-06 19:30:00,0.02317082096875,-0.2399008603124999,0.07303971715624996,0.5566123467499999
2025-09-06 19:45:00,0.023905145421874996,-0.21389112228124996,0.055576669890624986,0.546127137375
2025-09-06 20:00:00,0.024639469875,-0.18788138425,0.03811362262500001,0.535641928
2025-09-06 20:15:00,0.025373794328124998,-0.16187164621874994,0.02065057535937498,0.525156718625
2025-09-06 20:30:00,0.026108118781250002,-0.1358619081875,0.003187528093750003,0.51467150925
2025-09-06 20:45:00,0.026842443234375,-0.10985217015624993,-0.014275519171875029,0.504186299875
2025-09-06 21:00:00,0.027576767687499996,-0.08384243212499998,-0.031738566437500004,0.4937010905
2025-09-06 21:15:00,0.028311092140625,-0.057832694093749915,-0.04920161370312498,0.483215881125
2025-09-06 21:30:00,0.029045416593749998,-0.03182295606249996,-0.06666466096875007,0.47273067175
2025-09-06 21:45:00,0.029779741046874995,-0.0058132180312499004,-0.08412770823437504,0.46224546237499997
2025-09-06 22:00:00,0.0305140655,0.02019652000000005,-0.10159075550000002,0.451760253
2025-09-06 22:15:00,0.031248389953124997,0.04620625803125,-0.119053802765625,0.44127504362500003
2025-09-06 22:30:00,0.03198271440625,0.07221599606250007,-0.13651685003124997,0.43078983425
2025-09-06 22:45:00,0.032717038859375,0.09822573409375002,-0.15397989729687506,0.420304624875
2025-09-06 23:00:00,0.033451363312499996,0.12423547212500008,-0.17144294456250003,0.4098194155
2025-09-06 23:15:00,0.034185687765625,0.15024521015625003,-0.188905991828125,0.39933420612500004
2025-09-06 23:30:00,0.03492001221875,0.1762549481875001,-0.20636903909374998,0.38884899675
2025-09-06 23:45:00,0.035654336671874995,0.20226468621875004,-0.22383208635937507,0.378363787375
2025-09-07 00:00:00,0.036388661125,0.2282744242500001,-0.24129513362500005,0.367878578
2025-09-07 00:15:00,0.037122985578124996,0.25428416228124995,-0.258758180890625,0.35739336862500004
2025-09-07 00:30:00,0.03785731003125,0.2802939003125,-0.27622122815625,0.34690815925
2025-09-07 00:45:00,0.038591634484375,0.3063036383437501,-0.293684275421875,0.336422949875
2025-09-07 01:00:00,0.039325958937499995,0.33231337637500014,-0.31114732268750006,0.3259377405
2025-09-07 01:15:00,0.040060283390625,0.35832311440625,-0.32861036995312504,0.31545253112500005
2025-09-07 01:30:00,0.04079460784375,0.38433285243750004,-0.34607341721875,0.30496732175
2025-09-07 01:45:00,0.041528932296875,0.4103425904687501,-0.363536464484375,0.294482112375
2025-09-07 02:00:00,0.04226325675,0.43635232849999994,-0.38099951174999996,0.283996903
2025-09-07 02:15:00,0.042997581203124996,0.46236206653125,-0.39846255901562505,0.27351169362500005
2025-09-07 02:30:00,0.04373190565625,0.48837180456250007,-0.41592560628125,0.2630264842500001
2025-09-07 02:45:00,0.044466230109375,0.5143815425937501,-0.433388653546875,0.252541274875
2025-09-07 03:00:00,0.0452005545625,0.540391280625,-0.4508517008125,0.24205606550000003
2025-09-07 03:15:00,0.045934879015625,0.56640101865625,-0.46831474807812506,0.23157085612500006
2025-09-07 03:30:00,0.04666920346875,0.5924107566875001,-0.48577779534375004,0.22108564674999998
2025-09-07 03:45:00,0.047403527921875,0.6184204947187502,-0.5032408426093751,0.210600437375
2025-09-07 04:00:00,0.048137852375,0.64443023275,-0.520703889875,0.20011522800000003
2025-09-07 04:15:00,0.048872176828124995,0.6704399707812501,-0.538166937140625,0.18963001862500006
2025-09-07 04:30:00,0.04960650128125,0.6964497088125001,-0.55562998440625,0.1791448092500001
2025-09-07 04:45:00,0.050340825734375,0.72245944684375,-0.573093031671875,0.168659599875
2025-09-07 05:00:00,0.051075150187499994,0.748469184875,-0.5905560789375002,0.15817439050000004
2025-09-07 05:15:00,0.051809474640625,0.7744789229062501,-0.6080191262031251,0.14768918112500007
2025-09-07 05:30:00,0.052543799093749996,0.8004886609375002,-0.6254821734687501,0.13720397175
2025-09-07 05:45:00,0.053278123546875,0.82649839896875,-0.6429452207343751,0.12671876237500002
2025-09-07 06:00:00,0.054012448,0.852508137,-0.660408268,0.116233553
2025-09-07 06:15:00,0.014033805999999996,0.8198666320000001,-0.7030724195,-0.09021795350000002
2025-09-07 06:30:00,-0.025944836000000006,0.787225127,-0.7457365709999999,-0.29666946000000005
2025-09-07 06:45:00,-0.06592347800000001,0.754583622,-0.7884007224999999,-0.5031209665
2025-09-07 07:00:00,-0.10590212,0.721942117,-0.831064874,-0.709572473
2025-09-07 07:15:00,-0.20142553625,0.6458975622500001,-0.82014277675,-0.5136911390000001
2025-09-07 07:30:00,-0.29694895250000003,0.5698530075,-0.8092206795,-0.317809805
2025-09-07 07:45:00,-0.39247236875,0.49380845275,-0.7982985822499999,-0.12192847100000004
2025-09-07 08:00:00,-0.487995785,0.417763898,-0.787376485,0.073952863
2025-09-07 08:15:00,-0.53261220575,0.399004118,-0.75505924625,0.05097147025
2025-09-07 08:30:00,-0.5772286265,0.380244338,-0.7227420075,0.027990077499999995
2025-09-07 08:45:00,-0.6218450472499999,0.361484558,-0.69042476875,0.005008684749999992
2025-09-07 09:00:00,-0.666461468,0.342724778,-0.65810753,-0.017972708
2025-09-07 09:15:00,-0.6888169827499999,0.3321581805,-0.5561515189166667,0.11485895708333335
2025-09-07 09:30:00,-0.7111724975,0.321591583,-0.4541955078333333,0.2476906221666667
2025-09-07 09:45:00,-0.73352801225,0.3110249855,-0.35223949675,0.3805222872500001
2025-09-07 10:00:00,-0.7558835269999999,0.300458388,-0.25028348566666664,0.5133539523333335
2025-09-07 10:15:00,-0.77823904175,0.2898917905,-0.14832747458333329,0.6461856174166668
2025-09-07 10:30:00,-0.8005945565,0.279325193,-0.04637146349999999,0.7790172825000002
2025-09-07 10:45:00,-0.82295007125,0.2687585955,0.05558454758333342,0.9118489475833336
2025-09-07 11:00:00,-0.845305586,0.258191998,0.15754055866666672,1.0446806126666668
2025-09-07 11:15:00,-0.86766110075,0.24762540049999998,0.25949656975,1.1775122777500002
2025-09-07 11:30:00,-0.8900166155,0.23705880299999998,0.3614525808333334,1.3103439428333334
2025-09-07 11:45:00,-0.9123721302500001,0.2264922055,0.4634085919166667,1.4431756079166669
2025-09-07 12:00:00,-0.934727645,0.215925608,0.565364603,1.576007273
2025-09-07 12:15:00,-0.8911434782500001,0.17465558575,0.61613988225,1.1713270497500001
2025-09-07 12:30:00,-0.8475593115,0.1333855635,0.6669151615,0.7666468265
2025-09-07 12:45:00,-0.80397514475,0.09211554125,0.71769044075,0.36196660324999996
2025-09-07 13:00:00,-0.760390978,0.050845519,0.76846572,-0.04271362
2025-09-07 13:15:00,-0.6939188844999999,-0.012609156500000003,0.7762890757500001,-0.21472336525
2025-09-07 13:30:00,-0.627446791,-0.076063832,0.7841124315,-0.3867331105
2025-09-07 13:45:00,-0.5609746975000001,-0.1395185075,0.7919357872499999,-0.5587428557499999
2025-09-07 14:00:00,-0.494502604,-0.202973183,0.799759143,-0.730752601
2025-09-07 14:15:00,-0.48528189525,-0.2768435345,0.7815213074999999,-0.48987637599999995
2025-09-07 14:30:00,-0.4760611865,-0.350713886,0.7632834719999999,-0.24900015099999995
2025-09-07 14:45:00,-0.46684047775000004,-0.4245842375,0.7450456365,-0.008123926000000004
2025-09-07 15:00:00,-0.457619769,-0.498454589,0.726807801,0.232752299
2025-09-07 15:15:00,-0.43395185375,-0.57142108375,0.6507558435,0.24095806074999998
2025-09-07 15:30:00,-0.4102839385,-0.6443875785,0.574703886,0.2491638225
2025-09-07 15:45:00,-0.38661602325,-0.7173540732499999,0.4986519285,0.25736958425
2025-09-07 16:00:00,-0.362948108,-0.790320568,0.422599971,0.265575346
